No,Name,H,A,B,C,D,S,Total,Type1,Type2,Gen
1,이상해씨,45,49,49,65,65,45,318,풀,독,1
2,이상해풀,60,62,63,80,80,60,405,풀,독,1
3,이상해꽃,80,82,83,100,100,80,525,풀,독,1
3,이상해꽃 - 메가이상해꽃,80,100,123,122,120,80,625,풀,독,1
4,파이리,39,52,43,60,50,65,309,불꽃,,1
5,리자드,58,64,58,80,65,80,405,불꽃,,1
6,리자몽,78,84,78,109,85,100,534,불꽃,비행,1
6,리자몽 - 메가리자몽X,78,130,111,130,85,100,634,불꽃,드래곤,1
6,리자몽 - 메가리자몽Y,78,104,78,159,115,100,634,불꽃,비행,1
7,꼬부기,44,48,65,50,64,43,314,물,,1
8,어니부기,59,63,80,65,80,58,405,물,,1
9,거북왕,79,83,100,85,105,78,530,물,,1
9,거북왕 - 메가거북왕,79,103,120,135,115,78,630,물,,1
10,캐터피,45,30,35,20,20,45,195,벌레,,1
11,단데기,50,20,55,25,25,30,205,벌레,,1
12,버터플,60,45,50,90,80,70,395,벌레,비행,1
13,뿔충이,40,35,30,20,20,50,195,벌레,독,1
14,딱충이,45,25,50,25,25,35,205,벌레,독,1
15,독침붕,65,90,40,45,80,75,395,벌레,독,1
15,독침붕 - 메가독침붕,65,150,40,15,80,145,495,벌레,독,1
16,구구,40,45,40,35,35,56,251,노말,비행,1
17,피죤,63,60,55,50,50,71,349,노말,비행,1
18,피죤투,83,80,75,70,70,101,479,노말,비행,1
18,피죤투 - 메가피죤투,83,80,80,135,80,121,579,노말,비행,1
19,꼬렛,30,56,35,25,35,72,253,노말,,1
19,꼬렛 (알로라의 모습),30,56,35,25,35,72,253,악,노말,1
20,레트라,55,81,60,50,70,97,413,노말,,1
20,레트라 (알로라의 모습),75,71,70,40,80,77,413,악,노말,1
21,깨비참,40,60,30,31,31,70,262,노말,비행,1
22,깨비드릴조,65,90,65,61,61,100,442,노말,비행,1
23,아보,35,60,44,40,54,55,288,독,,1
24,아보크,60,85,69,65,79,80,438,독,,1
25,피카츄,35,55,40,50,50,90,320,전기,,1
26,라이츄,60,90,55,90,80,110,485,전기,,1
26,라이츄 (알로라의 모습),60,85,50,95,85,110,485,전기,에스퍼,1
27,모래두지,50,75,85,20,30,40,300,땅,,1
27,모래두지 (알로라의 모습),50,75,90,10,35,40,300,얼음,강철,1
28,고지,75,100,110,45,55,65,450,땅,,1
28,고지 (알로라의 모습),75,100,120,25,65,65,450,얼음,강철,1
29,니드런♀,55,47,52,40,40,41,275,독,,1
30,니드리나,70,62,67,55,55,56,365,독,,1
31,니드퀸,90,92,87,75,85,76,505,독,땅,1
32,니드런♂,46,57,40,40,40,50,273,독,,1
33,니드리노,61,72,57,55,55,65,365,독,,1
34,니드킹,81,102,77,85,75,85,505,독,땅,1
35,삐삐,70,45,48,60,65,35,323,페어리,,1
36,픽시,95,70,73,95,90,60,483,페어리,,1
37,식스테일,38,41,40,50,65,65,299,불꽃,,1
37,식스테일 (알로라의 모습),38,41,40,50,65,65,299,얼음,,1
38,나인테일,73,76,75,81,100,100,505,불꽃,,1
38,나인테일 (알로라의 모습),73,67,75,81,100,109,505,얼음,페어리,1
39,푸린,115,45,20,45,25,20,270,노말,페어리,1
40,푸크린,140,70,45,85,50,45,435,노말,페어리,1
41,주뱃,40,45,35,30,40,55,245,독,비행,1
42,골뱃,75,80,70,65,75,90,455,독,비행,1
43,뚜벅쵸,45,50,55,75,65,30,320,풀,독,1
44,냄새꼬,60,65,70,85,75,40,395,풀,독,1
45,라플레시아,75,80,85,110,90,50,490,풀,독,1
46,파라스,35,70,55,45,55,25,285,벌레,풀,1
47,파라섹트,60,95,80,60,80,30,405,벌레,풀,1
48,콘팡,60,55,50,40,55,45,305,벌레,독,1
49,도나리,70,65,60,90,75,90,450,벌레,독,1
50,디그다,10,55,25,35,45,95,265,땅,,1
50,디그다 (알로라의 모습),10,55,30,35,45,90,265,땅,강철,1
51,닥트리오,35,80,50,50,70,120,405,땅,,1
51,닥트리오 (알로라의 모습),35,100,60,50,70,110,425,땅,강철,1
52,나옹,40,45,35,40,40,90,290,노말,,1
52,나옹 (가라르의 모습),50,65,55,40,40,40,290,강철,,1
52,나옹 (알로라의 모습),40,35,35,50,40,90,290,악,,1
53,페르시온,65,70,60,65,65,115,440,노말,,1
53,페르시온 (알로라의 모습),65,60,60,75,65,115,440,악,,1
54,고라파덕,50,52,48,65,50,55,320,물,,1
55,골덕,80,82,78,95,80,85,500,물,,1
56,망키,40,80,35,35,45,70,305,격투,,1
57,성원숭,65,105,60,60,70,95,455,격투,,1
58,가디,55,70,45,70,50,60,350,불꽃,,1
58,가디 (히스이의 모습),60,75,45,65,50,55,350,불꽃,바위,1
59,윈디,90,110,80,100,80,95,555,불꽃,,1
59,윈디 (히스이의 모습),95,115,80,95,80,90,555,불꽃,바위,1
60,발챙이,40,50,40,40,40,90,300,물,,1
61,슈륙챙이,65,65,65,50,50,90,385,물,,1
62,강챙이,90,95,95,70,90,70,510,물,격투,1
63,캐이시,25,20,15,105,55,90,310,에스퍼,,1
64,윤겔라,40,35,30,120,70,105,400,에스퍼,,1
65,후딘,55,50,45,135,95,120,500,에스퍼,,1
65,후딘 - 메가후딘,55,50,65,175,95,150,590,에스퍼,,1
66,알통몬,70,80,50,35,35,35,305,격투,,1
67,근육몬,80,100,70,50,60,45,405,격투,,1
68,괴력몬,90,130,80,65,85,55,505,격투,,1
69,모다피,50,75,35,70,30,40,300,풀,독,1
70,우츠동,65,90,50,85,45,55,390,풀,독,1
71,우츠보트,80,105,65,100,70,70,490,풀,독,1
72,왕눈해,40,40,35,50,100,70,335,물,독,1
73,독파리,80,70,65,80,120,100,515,물,독,1
74,꼬마돌,40,80,100,30,30,20,300,바위,땅,1
74,꼬마돌 (알로라의 모습),40,80,100,30,30,20,300,바위,전기,1
75,데구리,55,95,115,45,45,35,390,바위,땅,1
75,데구리 (알로라의 모습),55,95,115,45,45,35,390,바위,전기,1
76,딱구리,80,120,130,55,65,45,495,바위,땅,1
76,딱구리 (알로라의 모습),80,120,130,55,65,45,495,바위,전기,1
77,포니타,50,85,55,65,65,90,410,불꽃,,1
77,포니타 (가라르의 모습),50,85,55,65,65,90,410,에스퍼,,1
78,날쌩마,65,100,70,80,80,105,500,불꽃,,1
78,날쌩마 (가라르의 모습),65,100,70,80,80,105,500,에스퍼,페어리,1
79,야돈,90,65,65,40,40,15,315,물,에스퍼,1
79,야돈 (가라르의 모습),90,65,65,40,40,15,315,에스퍼,,1
80,야도란,95,75,110,100,80,30,490,물,에스퍼,1
80,야도란 - 메가야도란,95,75,180,130,80,30,590,물,에스퍼,1
80,야도란 (가라르의 모습),95,100,95,100,70,30,490,독,에스퍼,1
81,코일,25,35,70,95,55,45,325,전기,강철,1
82,레어코일,50,60,95,120,70,70,465,전기,강철,1
83,파오리,52,65,55,58,62,60,352,노말,비행,1
83,파오리 (가라르의 모습),52,95,55,58,62,55,377,격투,,1
84,두두,35,85,45,35,35,75,310,노말,비행,1
85,두트리오,60,110,70,60,60,100,460,노말,비행,1
86,쥬쥬,65,45,55,45,70,45,325,물,,1
87,쥬레곤,90,70,80,70,95,70,475,물,얼음,1
88,질퍽이,80,80,50,40,50,25,325,독,,1
88,질퍽이 (알로라의 모습),80,80,50,40,50,25,325,독,악,1
89,질뻐기,105,105,75,65,100,50,500,독,,1
89,질뻐기 (알로라의 모습),105,105,75,65,100,50,500,독,악,1
90,셀러,30,65,100,45,25,40,305,물,,1
91,파르셀,50,95,180,85,45,70,525,물,얼음,1
92,고오스,30,35,30,100,35,80,310,고스트,독,1
93,고우스트,45,50,45,115,55,95,405,고스트,독,1
94,팬텀,60,65,60,130,75,110,500,고스트,독,1
94,팬텀 - 메가팬텀,60,65,80,170,95,130,600,고스트,독,1
95,롱스톤,35,45,160,30,45,70,385,바위,땅,1
96,슬리프,60,48,45,43,90,42,328,에스퍼,,1
97,슬리퍼,85,73,70,73,115,67,483,에스퍼,,1
98,크랩,30,105,90,25,25,50,325,물,,1
99,킹크랩,55,130,115,50,50,75,475,물,,1
100,찌리리공,40,30,50,55,55,100,330,전기,,1
100,찌리리공 (히스이의 모습),40,30,50,55,55,100,330,전기,풀,1
101,붐볼,60,50,70,80,80,140,480,전기,,1
101,붐볼 (히스이의 모습),60,50,70,80,80,150,490,전기,풀,1
102,아라리,60,40,80,60,45,40,325,풀,에스퍼,1
103,나시,95,95,85,125,65,55,520,풀,에스퍼,1
103,나시 (알로라의 모습),95,105,85,125,75,45,530,풀,드래곤,1
104,탕구리,50,50,95,40,50,35,320,땅,,1
105,텅구리,60,80,110,50,80,45,425,땅,,1
105,텅구리 (알로라의 모습),60,80,110,50,80,45,425,불꽃,고스트,1
106,시라소몬,50,120,53,35,110,87,455,격투,,1
107,홍수몬,50,105,79,35,110,76,455,격투,,1
108,내루미,90,55,75,60,75,30,385,노말,,1
109,또가스,40,65,95,60,45,35,340,독,,1
110,또도가스,65,90,120,85,70,60,490,독,,1
110,또도가스 (가라르의 모습),65,90,120,85,70,60,490,독,페어리,1
111,뿔카노,80,85,95,30,30,25,345,땅,바위,1
112,코뿌리,105,130,120,45,45,40,485,땅,바위,1
113,럭키,250,5,5,35,105,50,450,노말,,1
114,덩쿠리,65,55,115,100,40,60,435,풀,,1
115,캥카,105,95,80,40,80,90,490,노말,,1
115,캥카 - 메가캥카,105,125,100,60,100,100,590,노말,,1
116,쏘드라,30,40,70,70,25,60,295,물,,1
117,시드라,55,65,95,95,45,85,440,물,,1
118,콘치,45,67,60,35,50,63,320,물,,1
119,왕콘치,80,92,65,65,80,68,450,물,,1
120,별가사리,30,45,55,70,55,85,340,물,,1
121,아쿠스타,60,75,85,100,85,115,520,물,에스퍼,1
122,마임맨,40,45,65,100,120,90,460,에스퍼,페어리,1
122,마임맨 (가라르의 모습),50,65,65,90,90,100,460,얼음,에스퍼,1
123,스라크,70,110,80,55,80,105,500,벌레,비행,1
124,루주라,65,50,35,115,95,95,455,얼음,에스퍼,1
125,에레브,65,83,57,95,85,105,490,전기,,1
126,마그마,65,95,57,100,85,93,495,불꽃,,1
127,쁘사이저,65,125,100,55,70,85,500,벌레,,1
127,쁘사이저 - 메가쁘사이저,65,155,120,65,90,105,600,벌레,비행,1
128,켄타로스,75,100,95,40,70,110,490,노말,,1
128,켄타로스 (팔데아의 모습 - 블레이즈종),75,110,105,30,70,100,490,격투,불꽃,1
128,켄타로스 (팔데아의 모습 - 워터종),75,110,105,30,70,100,490,격투,물,1
128,켄타로스 (팔데아의 모습 - 컴뱃종),75,110,105,30,70,100,490,격투,,1
129,잉어킹,20,10,55,15,20,80,200,물,,1
130,갸라도스,95,125,79,60,100,81,540,물,비행,1
130,갸라도스 - 메가갸라도스,95,155,109,70,130,81,640,물,악,1
131,라프라스,130,85,80,85,95,60,535,물,얼음,1
132,메타몽,48,48,48,48,48,48,288,노말,,1
133,이브이,55,55,50,45,65,55,325,노말,,1
134,샤미드,130,65,60,110,95,65,525,물,,1
135,쥬피썬더,65,65,60,110,95,130,525,전기,,1
136,부스터,65,130,60,95,110,65,525,불꽃,,1
137,폴리곤,65,60,70,85,75,40,395,노말,,1
138,암나이트,35,40,100,90,55,35,355,바위,물,1
139,암스타,70,60,125,115,70,55,495,바위,물,1
140,투구,30,80,90,55,45,55,355,바위,물,1
141,투구푸스,60,115,105,65,70,80,495,바위,물,1
142,프테라,80,105,65,60,75,130,515,바위,비행,1
142,프테라 - 메가프테라,80,135,85,70,95,150,615,바위,비행,1
143,잠만보,160,110,65,65,110,30,540,노말,,1
144,프리져,90,85,100,95,125,85,580,얼음,비행,1
144,프리져 (가라르의 모습),90,85,85,125,100,95,580,에스퍼,비행,1
145,썬더,90,90,85,125,90,100,580,전기,비행,1
145,썬더 (가라르의 모습),90,125,90,85,90,100,580,격투,비행,1
146,파이어,90,100,90,125,85,90,580,불꽃,비행,1
146,파이어 (가라르의 모습),90,85,90,100,125,90,580,악,비행,1
147,미뇽,41,64,45,50,50,50,300,드래곤,,1
148,신뇽,61,84,65,70,70,70,420,드래곤,,1
149,망나뇽,91,134,95,100,100,80,600,드래곤,비행,1
150,뮤츠,106,110,90,154,90,130,680,에스퍼,,1
150,뮤츠 - 메가뮤츠X,106,190,100,154,100,130,780,에스퍼,격투,1
150,뮤츠 - 메가뮤츠Y,106,150,70,194,120,140,780,에스퍼,,1
151,뮤,100,100,100,100,100,100,600,에스퍼,,1
152,치코리타,45,49,65,49,65,45,318,풀,,2
153,베이리프,60,62,80,63,80,60,405,풀,,2
154,메가니움,80,82,100,83,100,80,525,풀,,2
155,브케인,39,52,43,60,50,65,309,불꽃,,2
156,마그케인,58,64,58,80,65,80,405,불꽃,,2
157,블레이범,78,84,78,109,85,100,534,불꽃,,2
157,블레이범 (히스이의 모습),78,84,78,109,85,100,534,불꽃,고스트,2
158,리아코,50,65,64,44,48,43,314,물,,2
159,엘리게이,65,80,80,59,63,58,405,물,,2
160,장크로다일,85,105,100,79,83,78,530,물,,2
161,꼬리선,35,46,34,35,45,20,215,노말,,2
162,다꼬리,85,76,64,45,55,90,415,노말,,2
163,부우부,60,30,30,36,56,50,262,노말,비행,2
164,야부엉,100,50,50,76,96,70,442,노말,비행,2
165,레디바,40,20,30,40,80,55,265,벌레,비행,2
166,레디안,55,35,50,55,110,85,390,벌레,비행,2
167,페이검,40,60,40,40,40,30,250,벌레,독,2
168,아리아도스,70,90,70,60,60,40,390,벌레,독,2
169,크로뱃,85,90,80,70,80,130,535,독,비행,2
170,초라기,75,38,38,56,56,67,330,물,전기,2
171,랜턴,125,58,58,76,76,67,460,물,전기,2
172,피츄,20,40,15,35,35,60,205,전기,,2
173,삐,50,25,28,45,55,15,218,페어리,,2
174,푸푸린,90,30,15,40,20,15,210,노말,페어리,2
175,토게피,35,20,65,40,65,20,245,페어리,,2
176,토게틱,55,40,85,80,105,40,405,페어리,비행,2
177,네이티,40,50,45,70,45,70,320,에스퍼,비행,2
178,네이티오,65,75,70,95,70,95,470,에스퍼,비행,2
179,메리프,55,40,40,65,45,35,280,전기,,2
180,보송송,70,55,55,80,60,45,365,전기,,2
181,전룡,90,75,85,115,90,55,510,전기,,2
181,전룡 - 메가전룡,90,95,105,165,110,45,610,전기,드래곤,2
182,아르코,75,80,95,90,100,50,490,풀,,2
183,마릴,70,20,50,20,50,40,250,물,페어리,2
184,마릴리,100,50,80,60,80,50,420,물,페어리,2
185,꼬지모,70,100,115,30,65,30,410,바위,,2
186,왕구리,90,75,75,90,100,70,500,물,,2
187,통통코,35,35,40,35,55,50,250,풀,비행,2
188,두코,55,45,50,45,65,80,340,풀,비행,2
189,솜솜코,75,55,70,55,95,110,460,풀,비행,2
190,에이팜,55,70,55,40,55,85,360,노말,,2
191,해너츠,30,30,30,30,30,30,180,풀,,2
192,해루미,75,75,55,105,85,30,425,풀,,2
193,왕자리,65,65,45,75,45,95,390,벌레,비행,2
194,우파,55,45,45,25,25,15,210,물,땅,2
194,우파 (팔데아의 모습),55,45,45,25,25,15,210,독,땅,2
195,누오,95,85,85,65,65,35,430,물,땅,2
196,에브이,65,65,60,130,95,110,525,에스퍼,,2
197,블래키,95,65,110,60,130,65,525,악,,2
198,니로우,60,85,42,85,42,91,405,악,비행,2
199,야도킹,95,75,80,100,110,30,490,물,에스퍼,2
200,무우마,60,60,60,85,85,85,435,고스트,,2
201,안농,48,72,48,72,48,48,336,에스퍼,,2
202,마자용,190,33,58,33,58,33,405,에스퍼,,2
203,키링키,70,80,65,90,65,85,455,노말,에스퍼,2
204,피콘,50,65,90,35,35,15,290,벌레,,2
205,쏘콘,75,90,140,60,60,40,465,벌레,강철,2
206,노고치,100,70,70,65,65,45,415,노말,,2
207,글라이거,65,75,105,35,65,85,430,땅,비행,2
208,강철톤,75,85,200,55,65,30,510,강철,땅,2
208,강철톤 - 메가강철톤,75,125,230,55,95,30,610,강철,땅,2
209,블루,60,80,50,40,40,30,300,페어리,,2
210,그랑블루,90,120,75,60,60,45,450,페어리,,2
211,침바루,65,95,85,55,55,85,440,물,독,2
211,침바루 (히스이의 모습),65,95,85,55,55,85,440,악,독,2
212,핫삼,70,130,100,55,80,65,500,벌레,강철,2
212,핫삼 - 메가핫삼,70,150,140,65,100,75,600,벌레,강철,2
213,단단지,20,10,230,10,230,5,505,벌레,바위,2
214,헤라크로스,80,125,75,40,95,85,500,벌레,격투,2
214,헤라크로스 - 메가헤라크로스,80,185,115,40,105,75,600,벌레,격투,2
215,포푸니,55,95,55,35,75,115,430,악,얼음,2
215,포푸니 (히스이의 모습),55,95,55,35,75,115,430,격투,독,2
216,깜지곰,60,80,50,50,50,40,330,노말,,2
217,링곰,90,130,75,75,75,55,500,노말,,2
218,마그마그,40,40,40,70,40,20,250,불꽃,,2
219,마그카르고,50,50,120,80,80,30,410,불꽃,바위,2
220,꾸꾸리,50,50,40,30,30,50,250,얼음,땅,2
221,메꾸리,100,100,80,60,60,50,450,얼음,땅,2
222,코산호,55,55,85,65,85,35,380,물,바위,2
222,코산호 (가라르의 모습),60,55,100,65,100,30,410,고스트,,2
223,총어,35,65,35,65,35,65,300,물,,2
224,대포무노,75,105,75,105,75,45,480,물,,2
225,딜리버드,45,55,45,65,45,75,330,얼음,비행,2
226,만타인,65,40,70,80,140,70,465,물,비행,2
227,무장조,65,80,140,40,70,70,465,강철,비행,2
228,델빌,45,60,30,80,50,65,330,악,불꽃,2
229,헬가,75,90,50,110,80,95,500,악,불꽃,2
229,헬가 - 메가헬가,75,90,90,140,90,115,600,악,불꽃,2
230,킹드라,75,95,95,95,95,85,540,물,드래곤,2
231,코코리,90,60,60,40,40,40,330,땅,,2
232,코리갑,90,120,120,60,60,50,500,땅,,2
233,폴리곤2,85,80,90,105,95,60,515,노말,,2
234,노라키,73,95,62,85,65,85,465,노말,,2
235,루브도,55,20,35,20,45,75,250,노말,,2
236,배루키,35,35,35,35,35,35,210,격투,,2
237,카포에라,50,95,95,35,110,70,455,격투,,2
238,뽀뽀라,45,30,15,85,65,65,305,얼음,에스퍼,2
239,에레키드,45,63,37,65,55,95,360,전기,,2
240,마그비,45,75,37,70,55,83,365,불꽃,,2
241,밀탱크,95,80,105,40,70,100,490,노말,,2
242,해피너스,255,10,10,75,135,55,540,노말,,2
243,라이코,90,85,75,115,100,115,580,전기,,2
244,앤테이,115,115,85,90,75,100,580,불꽃,,2
245,스이쿤,100,75,115,90,115,85,580,물,,2
246,애버라스,50,64,50,45,50,41,300,바위,땅,2
247,데기라스,70,84,70,65,70,51,410,바위,땅,2
248,마기라스,100,134,110,95,100,61,600,바위,악,2
248,마기라스 - 메가마기라스,100,164,150,95,120,71,700,바위,악,2
249,루기아,106,90,130,90,154,110,680,에스퍼,비행,2
250,칠색조,106,130,90,110,154,90,680,불꽃,비행,2
251,세레비,100,100,100,100,100,100,600,에스퍼,풀,2
252,나무지기,40,45,35,65,55,70,310,풀,,3
253,나무돌이,50,65,45,85,65,95,405,풀,,3
254,나무킹,70,85,65,105,85,120,530,풀,,3
254,나무킹 - 메가나무킹,70,110,75,145,85,145,630,풀,드래곤,3
255,아차모,45,60,40,70,50,45,310,불꽃,,3
256,영치코,60,85,60,85,60,55,405,불꽃,격투,3
257,번치코,80,120,70,110,70,80,530,불꽃,격투,3
257,번치코 - 메가번치코,80,160,80,130,80,100,630,불꽃,격투,3
258,물짱이,50,70,50,50,50,40,310,물,,3
259,늪짱이,70,85,70,60,70,50,405,물,땅,3
260,대짱이,100,110,90,85,90,60,535,물,땅,3
260,대짱이 - 메가대짱이,100,150,110,95,110,70,635,물,땅,3
261,포챠나,35,55,35,30,30,35,220,악,,3
262,그라에나,70,90,70,60,60,70,420,악,,3
263,지그제구리,38,30,41,30,41,60,240,노말,,3
263,지그제구리 (가라르의 모습),38,30,41,30,41,60,240,악,노말,3
264,직구리,78,70,61,50,61,100,420,노말,,3
264,직구리 (가라르의 모습),78,70,61,50,61,100,420,악,노말,3
265,개무소,45,45,35,20,30,20,195,벌레,,3
266,실쿤,50,35,55,25,25,15,205,벌레,,3
267,뷰티플라이,60,70,50,100,50,65,395,벌레,비행,3
268,카스쿤,50,35,55,25,25,15,205,벌레,,3
269,독케일,60,50,70,50,90,65,385,벌레,독,3
270,연꽃몬,40,30,30,40,50,30,220,물,풀,3
271,로토스,60,50,50,60,70,50,340,물,풀,3
272,로파파,80,70,70,90,100,70,480,물,풀,3
273,도토링,40,40,50,30,30,30,220,풀,,3
274,잎새코,70,70,40,60,40,60,340,풀,악,3
275,다탱구,90,100,60,90,60,80,480,풀,악,3
276,테일로,40,55,30,30,30,85,270,노말,비행,3
277,스왈로,60,85,60,50,50,125,430,노말,비행,3
278,갈모매,40,30,30,55,30,85,270,물,비행,3
279,패리퍼,60,50,100,85,70,65,430,물,비행,3
280,랄토스,28,25,25,45,35,40,198,에스퍼,페어리,3
281,킬리아,38,35,35,65,55,50,278,에스퍼,페어리,3
282,가디안,68,65,65,125,115,80,518,에스퍼,페어리,3
282,가디안 - 메가가디안,68,85,65,165,135,100,618,에스퍼,페어리,3
283,비구술,40,30,32,50,52,65,269,벌레,물,3
284,비나방,70,60,62,80,82,60,414,벌레,비행,3
285,버섯꼬,60,40,60,40,60,35,295,풀,,3
286,버섯모,60,130,80,60,60,70,460,풀,격투,3
287,게을로,60,60,60,35,35,30,280,노말,,3
288,발바로,80,80,80,55,55,90,440,노말,,3
289,게을킹,150,160,100,95,65,100,670,노말,,3
290,토중몬,31,45,90,30,30,40,266,벌레,땅,3
291,아이스크,61,90,45,50,50,160,456,벌레,비행,3
292,껍질몬,1,90,45,30,30,40,236,벌레,고스트,3
293,소곤룡,64,51,23,51,23,28,240,노말,,3
294,노공룡,84,71,43,71,43,48,360,노말,,3
295,폭음룡,104,91,63,91,73,68,490,노말,,3
296,마크탕,72,60,30,20,30,25,237,격투,,3
297,하리뭉,144,120,60,40,60,50,474,격투,,3
298,루리리,50,20,40,20,40,20,190,노말,페어리,3
299,코코파스,30,45,135,45,90,30,375,바위,,3
300,에나비,50,45,45,35,35,50,260,노말,,3
301,델케티,70,65,65,55,55,70,380,노말,,3
302,깜까미,50,75,75,65,65,50,380,악,고스트,3
302,깜까미 - 메가깜까미,50,85,125,85,115,20,480,악,고스트,3
303,입치트,50,85,85,55,55,50,380,강철,페어리,3
303,입치트 - 메가입치트,50,105,125,55,95,50,480,강철,페어리,3
304,가보리,50,70,100,40,40,30,330,강철,바위,3
305,갱도라,60,90,140,50,50,40,430,강철,바위,3
306,보스로라,70,110,180,60,60,50,530,강철,바위,3
306,보스로라 - 메가보스로라,70,140,230,60,80,50,630,강철,,3
307,요가랑,30,40,55,40,55,60,280,격투,에스퍼,3
308,요가램,60,60,75,60,75,80,410,격투,에스퍼,3
308,요가램 - 메가요가램,60,100,85,80,85,100,510,격투,에스퍼,3
309,썬더라이,40,45,40,65,40,65,295,전기,,3
310,썬더볼트,70,75,60,105,60,105,475,전기,,3
310,썬더볼트 - 메가썬더볼트,70,75,80,135,80,135,575,전기,,3
311,플러시,60,50,40,85,75,95,405,전기,,3
312,마이농,60,40,50,75,85,95,405,전기,,3
313,볼비트,65,73,55,47,75,85,400,벌레,,3
314,네오비트,65,47,55,73,75,85,400,벌레,,3
315,로젤리아,50,60,45,100,80,65,400,풀,독,3
316,꼴깍몬,70,43,53,43,53,40,302,독,,3
317,꿀꺽몬,100,73,83,73,83,55,467,독,,3
318,샤프니아,45,90,20,65,20,65,305,물,악,3
319,샤크니아,70,120,40,95,40,95,460,물,악,3
319,샤크니아 - 메가샤크니아,70,140,70,110,65,105,560,물,악,3
320,고래왕자,130,70,35,70,35,60,400,물,,3
321,고래왕,170,90,45,90,45,60,500,물,,3
322,둔타,60,60,40,65,45,35,305,불꽃,땅,3
323,폭타,70,100,70,105,75,40,460,불꽃,땅,3
323,폭타 - 메가폭타,70,120,100,145,105,20,560,불꽃,땅,3
324,코터스,70,85,140,85,70,20,470,불꽃,,3
325,피그점프,60,25,35,70,80,60,330,에스퍼,,3
326,피그킹,80,45,65,90,110,80,470,에스퍼,,3
327,얼루기,60,60,60,60,60,60,360,노말,,3
328,톱치,45,100,45,45,45,10,290,땅,,3
329,비브라바,50,70,50,50,50,70,340,땅,드래곤,3
330,플라이곤,80,100,80,80,80,100,520,땅,드래곤,3
331,선인왕,50,85,40,85,40,35,335,풀,,3
332,밤선인,70,115,60,115,60,55,475,풀,악,3
333,파비코,45,40,60,40,75,50,310,노말,비행,3
334,파비코리,75,70,90,70,105,80,490,드래곤,비행,3
334,파비코리 - 메가파비코리,75,110,110,110,105,80,590,드래곤,페어리,3
335,쟝고,73,115,60,60,60,90,458,노말,,3
336,세비퍼,73,100,60,100,60,65,458,독,,3
337,루나톤,70,55,65,95,85,70,440,바위,에스퍼,3
338,솔록,70,95,85,55,65,70,440,바위,에스퍼,3
339,미꾸리,50,48,43,46,41,60,288,물,땅,3
340,메깅,110,78,73,76,71,60,468,물,땅,3
341,가재군,43,80,65,50,35,35,308,물,,3
342,가재장군,63,120,85,90,55,55,468,물,악,3
343,오뚝군,40,40,55,40,70,55,300,땅,에스퍼,3
344,점토도리,60,70,105,70,120,75,500,땅,에스퍼,3
345,릴링,66,41,77,61,87,23,355,바위,풀,3
346,릴리요,86,81,97,81,107,43,495,바위,풀,3
347,아노딥스,45,95,50,40,50,75,355,바위,벌레,3
348,아말도,75,125,100,70,80,45,495,바위,벌레,3
349,빈티나,20,15,20,10,55,80,200,물,,3
350,밀로틱,95,60,79,100,125,81,540,물,,3
351,캐스퐁,70,70,70,70,70,70,420,노말,,3
352,켈리몬,60,90,70,60,120,40,440,노말,,3
353,어둠대신,44,75,35,63,33,45,295,고스트,,3
354,다크펫,64,115,65,83,63,65,455,고스트,,3
354,다크펫 - 메가다크펫,64,165,75,93,83,75,555,고스트,,3
355,해골몽,20,40,90,30,90,25,295,고스트,,3
356,미라몽,40,70,130,60,130,25,455,고스트,,3
357,트로피우스,99,68,83,72,87,51,460,풀,비행,3
358,치렁,65,50,70,95,80,65,425,에스퍼,,3
359,앱솔,65,130,60,75,60,75,465,악,,3
359,앱솔 - 메가앱솔,65,150,60,115,60,115,565,악,,3
360,마자,95,23,48,23,48,23,260,에스퍼,,3
361,눈꼬마,50,50,50,50,50,50,300,얼음,,3
362,얼음귀신,80,80,80,80,80,80,480,얼음,,3
362,얼음귀신 - 메가얼음귀신,80,120,80,120,80,100,580,얼음,,3
363,대굴레오,70,40,50,55,50,25,290,얼음,물,3
364,씨레오,90,60,70,75,70,45,410,얼음,물,3
365,씨카이저,110,80,90,95,90,65,530,얼음,물,3
366,진주몽,35,64,85,74,55,32,345,물,,3
367,헌테일,55,104,105,94,75,52,485,물,,3
368,분홍장이,55,84,105,114,75,52,485,물,,3
369,시라칸,100,90,130,45,65,55,485,물,바위,3
370,사랑동이,43,30,55,40,65,97,330,물,,3
371,아공이,45,75,60,40,30,50,300,드래곤,,3
372,쉘곤,65,95,100,60,50,50,420,드래곤,,3
373,보만다,95,135,80,110,80,100,600,드래곤,비행,3
373,보만다 - 메가보만다,95,145,130,120,90,120,700,드래곤,비행,3
374,메탕,40,55,80,35,60,30,300,강철,에스퍼,3
375,메탕구,60,75,100,55,80,50,420,강철,에스퍼,3
376,메타그로스,80,135,130,95,90,70,600,강철,에스퍼,3
376,메타그로스 - 메가메타그로스,80,145,150,105,110,110,700,강철,에스퍼,3
377,레지락,80,100,200,50,100,50,580,바위,,3
378,레지아이스,80,50,100,100,200,50,580,얼음,,3
379,레지스틸,80,75,150,75,150,50,580,강철,,3
380,라티아스,80,80,90,110,130,110,600,드래곤,에스퍼,3
380,라티아스 - 메가라티아스,80,100,120,140,150,110,700,드래곤,에스퍼,3
381,라티오스,80,90,80,130,110,110,600,드래곤,에스퍼,3
381,라티오스 - 메가라티오스,80,130,100,160,120,110,700,드래곤,에스퍼,3
382,가이오가,100,100,90,150,140,90,670,물,,3
382,가이오가 - 원시가이오가,100,150,90,180,160,90,770,물,,3
383,그란돈,100,150,140,100,90,90,670,땅,,3
383,그란돈 - 원시그란돈,100,180,160,150,90,90,770,땅,불꽃,3
384,레쿠쟈,105,150,90,150,90,95,680,드래곤,비행,3
384,레쿠쟈 - 메가레쿠쟈,105,180,100,180,100,115,780,드래곤,비행,3
385,지라치,100,100,100,100,100,100,600,강철,에스퍼,3
386,테오키스 (노말폼),50,150,50,150,50,150,600,에스퍼,,3
386,테오키스 (디펜스폼),50,70,160,70,160,90,600,에스퍼,,3
386,테오키스 (스피드폼),50,95,90,95,90,180,600,에스퍼,,3
386,테오키스 (어택폼),50,180,20,180,20,150,600,에스퍼,,3
387,모부기,55,68,64,45,55,31,318,풀,,4
388,수풀부기,75,89,85,55,65,36,405,풀,,4
389,토대부기,95,109,105,75,85,56,525,풀,땅,4
390,불꽃숭이,44,58,44,58,44,61,309,불꽃,,4
391,파이숭이,64,78,52,78,52,81,405,불꽃,격투,4
392,초염몽,76,104,71,104,71,108,534,불꽃,격투,4
393,팽도리,53,51,53,61,56,40,314,물,,4
394,팽태자,64,66,68,81,76,50,405,물,,4
395,엠페르트,84,86,88,111,101,60,530,물,강철,4
396,찌르꼬,40,55,30,30,30,60,245,노말,비행,4
397,찌르버드,55,75,50,40,40,80,340,노말,비행,4
398,찌르호크,85,120,70,50,60,100,485,노말,비행,4
399,비버니,59,45,40,35,40,31,250,노말,,4
400,비버통,79,85,60,55,60,71,410,노말,물,4
401,귀뚤뚜기,37,25,41,25,41,25,194,벌레,,4
402,귀뚤톡크,77,85,51,55,51,65,384,벌레,,4
403,꼬링크,45,65,34,40,34,45,263,전기,,4
404,럭시오,60,85,49,60,49,60,363,전기,,4
405,렌트라,80,120,79,95,79,70,523,전기,,4
406,꼬몽울,40,30,35,50,70,55,280,풀,독,4
407,로즈레이드,60,70,65,125,105,90,515,풀,독,4
408,두개도스,67,125,40,30,30,58,350,바위,,4
409,램펄드,97,165,60,65,50,58,495,바위,,4
410,방패톱스,30,42,118,42,88,30,350,바위,강철,4
411,바리톱스,60,52,168,47,138,30,495,바위,강철,4
412,도롱충이,40,29,45,29,45,36,224,벌레,,4
413,도롱마담 (모래땅도롱),60,79,105,59,85,36,424,벌레,땅,4
413,도롱마담 (슈레도롱),60,69,95,69,95,36,424,벌레,강철,4
413,도롱마담 (초목도롱),60,59,85,79,105,36,424,벌레,풀,4
414,나메일,70,94,50,94,50,66,424,벌레,비행,4
415,세꿀버리,30,30,42,30,42,70,244,벌레,비행,4
416,비퀸,70,80,102,80,102,40,474,벌레,비행,4
417,파치리스,60,45,70,45,90,95,405,전기,,4
418,브이젤,55,65,35,60,30,85,330,물,,4
419,플로젤,85,105,55,85,50,115,495,물,,4
420,체리버,45,35,45,62,53,35,275,풀,,4
421,체리꼬,70,60,70,87,78,85,450,풀,,4
422,깝질무,76,48,48,57,62,34,325,물,,4
423,트리토돈,111,83,68,92,82,39,475,물,땅,4
424,겟핸보숭,75,100,66,60,66,115,482,노말,,4
425,흔들풍손,90,50,34,60,44,70,348,고스트,비행,4
426,둥실라이드,150,80,44,90,54,80,498,고스트,비행,4
427,이어롤,55,66,44,44,56,85,350,노말,,4
428,이어롭,65,76,84,54,96,105,480,노말,격투,4
428,이어롭 - 메가이어롭,65,136,94,54,96,135,580,노말,,4
429,무우마직,60,60,60,105,105,105,495,고스트,,4
430,돈크로우,100,125,52,105,52,71,505,악,비행,4
431,나옹마,49,55,42,42,37,85,310,노말,,4
432,몬냥이,71,82,64,64,59,112,452,노말,,4
433,랑딸랑,45,30,50,65,50,45,285,에스퍼,,4
434,스컹뿡,63,63,47,41,41,74,329,독,악,4
435,스컹탱크,103,93,67,71,61,84,479,독,악,4
436,동미러,57,24,86,24,86,23,300,강철,에스퍼,4
437,동탁군,67,89,116,79,116,33,500,강철,에스퍼,4
438,꼬지지,50,80,95,10,45,10,290,바위,,4
439,흉내내,20,25,45,70,90,60,310,에스퍼,페어리,4
440,핑복,100,5,5,15,65,30,220,노말,,4
441,페라페,76,65,45,92,42,91,411,노말,비행,4
442,화강돌,50,92,108,92,108,35,485,고스트,악,4
443,딥상어동,58,70,45,40,45,42,300,드래곤,땅,4
444,한바이트,68,90,65,50,55,82,410,드래곤,땅,4
445,한카리아스,108,130,95,80,85,102,600,드래곤,땅,4
445,한카리아스 - 메가한카리아스,108,170,115,120,95,92,700,드래곤,땅,4
446,먹고자,135,85,40,40,85,5,390,노말,,4
447,리오르,40,70,40,35,40,60,285,격투,,4
448,루카리오,70,110,70,115,70,90,525,격투,강철,4
448,루카리오 - 메가루카리오,70,145,88,140,70,112,625,격투,강철,4
449,히포포타스,68,72,78,38,42,32,330,땅,,4
450,하마돈,108,112,118,68,72,47,525,땅,,4
451,스콜피,40,50,90,30,55,65,330,독,벌레,4
452,드래피온,70,90,110,60,75,95,500,독,악,4
453,삐딱구리,48,61,40,61,40,50,300,독,격투,4
454,독개굴,83,106,65,86,65,85,490,독,격투,4
455,무스틈니,74,100,72,90,72,46,454,풀,,4
456,형광어,49,49,56,49,61,66,330,물,,4
457,네오라이트,69,69,76,69,86,91,460,물,,4
458,타만타,45,20,50,60,120,50,345,물,비행,4
459,눈쓰개,60,62,50,62,60,40,334,풀,얼음,4
460,눈설왕,90,92,75,92,85,60,494,풀,얼음,4
460,눈설왕 - 메가눈설왕,90,132,105,132,105,30,594,풀,얼음,4
461,포푸니라,70,120,65,45,85,125,510,악,얼음,4
462,자포코일,70,70,115,130,90,60,535,전기,강철,4
463,내룸벨트,110,85,95,80,95,50,515,노말,,4
464,거대코뿌리,115,140,130,55,55,40,535,땅,바위,4
465,덩쿠림보,100,100,125,110,50,50,535,풀,,4
466,에레키블,75,123,67,95,85,95,540,전기,,4
467,마그마번,75,95,67,125,95,83,540,불꽃,,4
468,토게키스,85,50,95,120,115,80,545,페어리,비행,4
469,메가자리,86,76,86,116,56,95,515,벌레,비행,4
470,리피아,65,110,130,60,65,95,525,풀,,4
471,글레이시아,65,60,110,130,95,65,525,얼음,,4
472,글라이온,75,95,125,45,75,95,510,땅,비행,4
473,맘모꾸리,110,130,80,70,60,80,530,얼음,땅,4
474,폴리곤Z,85,80,70,135,75,90,535,노말,,4
475,엘레이드,68,125,65,65,115,80,518,에스퍼,격투,4
475,엘레이드 - 메가엘레이드,68,165,95,65,115,110,618,에스퍼,격투,4
476,대코파스,60,55,145,75,150,40,525,바위,강철,4
477,야느와르몽,45,100,135,65,135,45,525,고스트,,4
478,눈여아,70,80,70,80,70,110,480,얼음,고스트,4
479,로토무,50,50,77,95,77,91,440,전기,고스트,4
479,로토무 (스핀로토무),50,65,107,105,107,86,520,전기,비행,4
479,로토무 (워시로토무),50,65,107,105,107,86,520,전기,물,4
479,로토무 (커트로토무),50,65,107,105,107,86,520,전기,풀,4
479,로토무 (프로스트로토무),50,65,107,105,107,86,520,전기,얼음,4
479,로토무 (히트로토무),50,65,107,105,107,86,520,전기,불꽃,4
480,유크시,75,75,130,75,130,95,580,에스퍼,,4
481,엠라이트,80,105,105,105,105,80,580,에스퍼,,4
482,아그놈,75,125,70,125,70,115,580,에스퍼,,4
483,디아루가 (어나더폼),100,120,120,150,100,90,680,강철,드래곤,4
483,디아루가 (오리진폼),100,100,120,150,120,90,680,강철,드래곤,4
484,펄기아 (어나더폼),90,120,100,150,120,100,680,물,드래곤,4
484,펄기아 (오리진폼),90,100,100,150,120,120,680,물,드래곤,4
485,히드런,91,90,106,130,106,77,600,불꽃,강철,4
486,레지기가스,110,160,110,80,110,100,670,노말,,4
487,기라티나 (어나더폼),150,100,120,100,120,90,680,고스트,드래곤,4
487,기라티나 (오리진폼),150,120,100,120,100,90,680,고스트,드래곤,4
488,크레세리아,120,70,110,75,120,85,580,에스퍼,,4
489,피오네,80,80,80,80,80,80,480,물,,4
490,마나피,100,100,100,100,100,100,600,물,,4
491,다크라이,70,90,90,135,90,125,600,악,,4
492,쉐이미 (랜드폼),100,100,100,100,100,100,600,풀,,4
492,쉐이미 (스카이폼),100,103,75,120,75,127,600,풀,비행,4
493,아르세우스,120,120,120,120,120,120,720,노말,,4
494,비크티니,100,100,100,100,100,100,600,에스퍼,불꽃,5
495,주리비얀,45,45,55,45,55,63,308,풀,,5
496,샤비,60,60,75,60,75,83,413,풀,,5
497,샤로다,75,75,95,75,95,113,528,풀,,5
498,뚜꾸리,65,63,45,45,45,45,308,불꽃,,5
499,차오꿀,90,93,55,70,55,55,418,불꽃,격투,5
500,염무왕,110,123,65,100,65,65,528,불꽃,격투,5
501,수댕이,55,55,45,63,45,45,308,물,,5
502,쌍검자비,75,75,60,83,60,60,413,물,,5
503,대검귀,95,100,85,108,70,70,528,물,,5
503,대검귀 (히스이의 모습),90,108,80,100,65,85,528,물,악,5
504,보르쥐,45,55,39,35,39,42,255,노말,,5
505,보르그,60,85,69,60,69,77,420,노말,,5
506,요테리,45,60,45,25,45,55,275,노말,,5
507,하데리어,65,80,65,35,65,60,370,노말,,5
508,바랜드,85,110,90,45,90,80,500,노말,,5
509,쌔비냥,41,50,37,50,37,66,281,악,,5
510,레파르다스,64,88,50,88,50,106,446,악,,5
511,야나프,50,53,48,53,48,64,316,풀,,5
512,야나키,75,98,63,98,63,101,498,풀,,5
513,바오프,50,53,48,53,48,64,316,불꽃,,5
514,바오키,75,98,63,98,63,101,498,불꽃,,5
515,앗차프,50,53,48,53,48,64,316,물,,5
516,앗차키,75,98,63,98,63,101,498,물,,5
517,몽나,76,25,45,67,55,24,292,에스퍼,,5
518,몽얌나,116,55,85,107,95,29,487,에스퍼,,5
519,콩둘기,50,55,50,36,30,43,264,노말,비행,5
520,유토브,62,77,62,50,42,65,358,노말,비행,5
521,켄호로우,80,115,80,65,55,93,488,노말,비행,5
522,줄뮤마,45,60,32,50,32,76,295,전기,,5
523,제브라이카,75,100,63,80,63,116,497,전기,,5
524,단굴,55,75,85,25,25,15,280,바위,,5
525,암트르,70,105,105,50,40,20,390,바위,,5
526,기가이어스,85,135,130,60,80,25,515,바위,,5
527,또르박쥐,55,45,43,55,43,72,313,에스퍼,비행,5
528,맘박쥐,67,57,55,77,55,114,425,에스퍼,비행,5
529,두더류,60,85,40,30,45,68,328,땅,,5
530,몰드류,110,135,60,50,65,88,508,땅,강철,5
531,다부니,103,60,86,60,86,50,445,노말,,5
531,다부니 - 메가다부니,103,60,126,80,126,50,545,노말,페어리,5
532,으랏차,75,80,55,25,35,35,305,격투,,5
533,토쇠골,85,105,85,40,50,40,405,격투,,5
534,노보청,105,140,95,55,65,45,505,격투,,5
535,동챙이,50,50,40,50,40,64,294,물,,5
536,두까비,75,65,55,65,55,69,384,물,땅,5
537,두빅굴,105,95,75,85,75,74,509,물,땅,5
538,던지미,120,100,85,30,85,45,465,격투,,5
539,타격귀,75,125,75,30,75,85,465,격투,,5
540,두르보,45,53,70,40,60,42,310,벌레,풀,5
541,두르쿤,55,63,90,50,80,42,380,벌레,풀,5
542,모아머,75,103,80,70,80,92,500,벌레,풀,5
543,마디네,30,45,59,30,39,57,260,벌레,독,5
544,휠구,40,55,99,40,79,47,360,벌레,독,5
545,펜드라,60,100,89,55,69,112,485,벌레,독,5
546,소미안,40,27,60,37,50,66,280,풀,페어리,5
547,엘풍,60,67,85,77,75,116,480,풀,페어리,5
548,치릴리,45,35,50,70,50,30,280,풀,,5
549,드레디어,70,60,75,110,75,90,480,풀,,5
549,드레디어 (히스이의 모습),70,105,75,50,75,105,480,풀,격투,5
550,배쓰나이,70,92,65,80,55,98,460,물,,5
550,배쓰나이 (백색근의 모습),70,92,65,80,55,98,460,물,,5
551,깜눈크,50,72,35,35,35,65,292,땅,악,5
552,악비르,60,82,45,45,45,74,351,땅,악,5
553,악비아르,95,117,80,65,70,92,519,땅,악,5
554,달막화,70,90,45,15,45,50,315,불꽃,,5
554,달막화 (가라르의 모습),70,90,45,15,45,50,315,얼음,,5
555,불비달마,105,140,55,30,55,95,480,불꽃,,5
555,불비달마 (가라르의 모습),105,140,55,30,55,95,480,얼음,,5
555,"불비달마 (가라르의 모습, 달마모드)",105,160,55,30,55,135,540,불꽃,에스퍼,5
555,불비달마 (달마모드),105,30,105,140,105,55,540,얼음,불꽃,5
556,마라카치,75,86,67,106,67,60,461,풀,,5
557,돌살이,50,65,85,35,35,55,325,벌레,바위,5
558,암팰리스,70,95,125,65,75,45,475,벌레,바위,5
559,곤율랭,50,75,70,35,70,48,348,악,격투,5
560,곤율거니,65,90,115,45,115,58,488,악,격투,5
561,심보러,72,58,80,103,80,97,490,에스퍼,비행,5
562,데스마스,38,30,85,55,65,30,303,고스트,,5
562,데스마스 (가라르의 모습),38,55,85,30,65,30,303,땅,고스트,5
563,데스니칸,58,50,145,95,105,30,483,고스트,,5
564,프로토가,54,78,103,53,45,22,355,물,바위,5
565,늑골라,74,108,133,83,65,32,495,물,바위,5
566,아켄,55,112,45,74,45,70,401,바위,비행,5
567,아케오스,75,140,65,112,65,110,567,바위,비행,5
568,깨봉이,50,50,62,40,62,65,329,독,,5
569,더스트나,80,95,82,60,82,75,474,독,,5
570,조로아,40,65,40,80,40,65,330,악,,5
570,조로아 (히스이의 모습),40,65,40,80,40,65,330,노말,고스트,5
571,조로아크,60,105,60,120,60,105,510,악,,5
571,조로아크 (히스이의 모습),60,105,60,120,60,105,510,노말,고스트,5
572,치라미,55,50,40,40,40,75,300,노말,,5
573,치라치노,75,95,60,65,60,115,470,노말,,5
574,고디탱,45,30,50,55,65,45,290,에스퍼,,5
575,고디보미,60,45,70,75,85,55,390,에스퍼,,5
576,고디모아젤,70,55,95,95,110,65,490,에스퍼,,5
577,유니란,45,30,40,105,50,20,290,에스퍼,,5
578,듀란,65,40,50,125,60,30,370,에스퍼,,5
579,란쿨루스,110,65,75,125,85,30,490,에스퍼,,5
580,꼬지보리,62,44,50,44,50,55,305,물,비행,5
581,스완나,75,87,63,87,63,98,473,물,비행,5
582,바닐프티,36,50,50,65,60,44,305,얼음,,5
583,바닐리치,51,65,65,80,75,59,395,얼음,,5
584,배바닐라,71,95,85,110,95,79,535,얼음,,5
585,사철록,60,60,50,40,50,75,335,노말,풀,5
586,바라철록,80,100,70,60,70,95,475,노말,풀,5
587,에몽가,55,75,60,75,60,103,428,전기,비행,5
588,딱정곤,50,75,45,40,45,60,315,벌레,,5
589,슈바르고,70,135,105,60,105,20,495,벌레,강철,5
590,깜놀버슬,69,55,45,55,55,15,294,풀,독,5
591,뽀록나,114,85,70,85,80,30,464,풀,독,5
592,탱그릴,55,40,50,65,85,40,335,물,고스트,5
593,탱탱겔,100,60,70,85,105,60,480,물,고스트,5
594,맘복치,165,75,80,40,45,65,470,물,,5
595,파쪼옥,50,47,50,57,50,65,319,벌레,전기,5
596,전툴라,70,77,60,97,60,108,472,벌레,전기,5
597,철시드,44,50,91,24,86,10,305,풀,강철,5
598,너트령,74,94,131,54,116,20,489,풀,강철,5
599,기어르,40,55,70,45,60,30,300,강철,,5
600,기기어르,60,80,95,70,85,50,440,강철,,5
601,기기기어르,60,100,115,70,85,90,520,강철,,5
602,저리어,35,55,40,45,40,60,275,전기,,5
603,저리릴,65,85,70,75,70,40,405,전기,,5
604,저리더프,85,115,80,105,80,50,515,전기,,5
605,리그레,55,55,55,85,55,30,335,에스퍼,,5
606,벰크,75,75,75,125,95,40,485,에스퍼,,5
607,불켜미,50,30,55,65,55,20,275,고스트,불꽃,5
608,램프라,60,40,60,95,60,55,370,고스트,불꽃,5
609,샹델라,60,55,90,145,90,80,520,고스트,불꽃,5
610,터검니,46,87,60,30,40,57,320,드래곤,,5
611,액슨도,66,117,70,40,50,67,410,드래곤,,5
612,액스라이즈,76,147,90,60,70,97,540,드래곤,,5
613,코고미,55,70,40,60,40,40,305,얼음,,5
614,툰베어,95,110,80,70,80,50,485,얼음,,5
615,프리지오,70,50,30,95,135,105,485,얼음,,5
616,쪼마리,50,40,85,40,65,25,305,벌레,,5
617,어지리더,80,70,40,100,60,145,495,벌레,,5
618,메더,109,66,84,81,99,32,471,땅,전기,5
618,메더 (가라르의 모습),109,81,99,66,84,32,471,땅,강철,5
619,비조푸,45,85,50,55,50,65,350,격투,,5
620,비조도,65,125,60,95,60,105,510,격투,,5
621,크리만,77,120,90,60,90,48,485,드래곤,,5
622,골비람,59,74,50,35,50,35,303,땅,고스트,5
623,골루그,89,124,80,55,80,55,483,땅,고스트,5
624,자망칼,45,85,70,40,40,60,340,악,강철,5
625,절각참,65,125,100,60,70,70,490,악,강철,5
626,버프론,95,110,95,40,95,55,490,노말,,5
627,수리둥보,70,83,50,37,50,60,350,노말,비행,5
628,워글,100,123,75,57,75,80,510,노말,비행,5
628,워글 (히스이의 모습),110,83,70,112,70,65,510,에스퍼,비행,5
629,벌차이,70,55,75,45,65,60,370,악,비행,5
630,버랜지나,110,65,105,55,95,80,510,악,비행,5
631,앤티골,85,97,66,105,66,65,484,불꽃,,5
632,아이앤트,58,109,112,48,48,109,484,벌레,강철,5
633,모노두,52,65,50,45,50,38,300,악,드래곤,5
634,디헤드,72,85,70,65,70,58,420,악,드래곤,5
635,삼삼드래,92,105,90,125,90,98,600,악,드래곤,5
636,활화르바,55,85,55,50,55,60,360,벌레,불꽃,5
637,불카모스,85,60,65,135,105,100,550,벌레,불꽃,5
638,코바르온,91,90,129,90,72,108,580,강철,격투,5
639,테라키온,91,129,90,72,90,108,580,바위,격투,5
640,비리디온,91,90,72,90,129,108,580,풀,격투,5
641,토네로스 (영물폼),79,100,80,110,90,121,580,비행,,5
641,토네로스 (화신폼),79,115,70,125,80,111,580,비행,,5
642,볼트로스 (영물폼),79,105,70,145,80,101,580,전기,비행,5
642,볼트로스 (화신폼),79,115,70,125,80,111,580,전기,비행,5
643,레시라무,100,120,100,150,120,90,680,드래곤,불꽃,5
644,제크로무,100,150,120,120,100,90,680,드래곤,전기,5
645,랜드로스 (영물폼),89,145,90,105,80,91,600,땅,비행,5
645,랜드로스 (화신폼),89,125,90,115,80,101,600,땅,비행,5
646,큐레무,125,130,90,130,90,95,660,드래곤,얼음,5
646,큐레무 (블랙),125,170,100,120,90,95,700,드래곤,얼음,5
646,큐레무 (화이트),125,120,90,170,100,95,700,드래곤,얼음,5
647,케르디오,91,72,90,129,90,108,580,물,격투,5
648,메로엣타 (보이스폼),100,77,77,128,128,90,600,노말,에스퍼,5
648,메로엣타 (스텝폼),100,128,90,77,77,128,600,노말,격투,5
649,게노세크트,71,120,95,120,95,99,600,벌레,강철,5
650,도치마론,56,61,65,48,45,38,313,풀,,6
651,도치보구,61,78,95,56,58,57,405,풀,,6
652,브리가론,90,100,120,80,70,70,530,풀,격투,6
653,푸호꼬,40,45,40,62,60,60,307,불꽃,,6
654,테르나,59,59,58,90,70,73,409,불꽃,,6
655,마폭시,75,69,72,114,100,104,534,불꽃,에스퍼,6
656,개구마르,41,56,40,62,44,71,314,물,,6
657,개굴반장,54,63,52,83,56,97,405,물,,6
658,개굴닌자,72,95,67,103,71,122,530,물,악,6
659,파르빗,38,36,38,32,36,57,237,노말,,6
660,파르토,85,56,77,50,77,78,423,노말,땅,6
661,화살꼬빈,45,50,43,40,38,62,278,노말,비행,6
662,불화살빈,62,73,55,56,52,84,382,불꽃,비행,6
663,파이어로,78,81,71,74,69,126,499,불꽃,비행,6
664,분이벌레,38,35,40,27,25,35,200,벌레,,6
665,분떠도리,45,22,60,27,30,29,213,벌레,,6
666,비비용,80,52,50,90,50,89,411,벌레,비행,6
667,레오꼬,62,50,58,73,54,72,369,불꽃,노말,6
668,화염레오,86,68,72,109,66,106,507,불꽃,노말,6
669,플라베베,44,38,39,61,79,42,303,페어리,,6
670,플라엣테,54,45,47,75,98,52,371,페어리,,6
671,플라제스,78,65,68,112,154,75,552,페어리,,6
672,메이클,66,65,48,62,57,52,350,풀,,6
673,고고트,123,100,62,97,81,68,531,풀,,6
674,판짱,67,82,62,46,48,53,358,격투,,6
675,부란다,95,124,78,69,71,58,495,격투,악,6
676,트리미앙,75,80,60,65,90,102,472,노말,,6
677,냐스퍼,62,48,54,63,60,68,355,에스퍼,,6
678,냐오닉스,74,48,76,83,81,104,466,에스퍼,,6
679,단칼빙,45,80,100,35,37,28,325,강철,고스트,6
680,쌍검킬,59,110,150,45,49,35,448,강철,고스트,6
681,킬가르도 (블레이드폼),60,140,50,140,50,60,500,강철,고스트,6
681,킬가르도 (실드폼),60,50,140,50,140,60,500,강철,고스트,6
682,슈쁘,78,52,60,63,65,23,341,페어리,,6
683,프레프티르,101,72,72,99,89,29,462,페어리,,6
684,나룸퍼프,62,48,66,59,57,49,341,페어리,,6
685,나루림,82,80,86,85,75,72,480,페어리,,6
686,오케이징,53,54,53,37,46,45,288,악,에스퍼,6
687,칼라마네로,86,92,88,68,75,73,482,악,에스퍼,6
688,거북손손,42,52,67,39,56,50,306,바위,물,6
689,거북손데스,72,92,115,54,86,68,487,바위,물,6
690,수레기,50,60,60,60,60,30,320,독,물,6
691,드래캄,65,75,90,97,123,44,494,독,드래곤,6
692,완철포,50,53,62,58,63,44,330,물,,6
693,블로스터,71,73,88,120,89,59,500,물,,6
694,목도리키텔,44,38,33,61,43,70,289,전기,노말,6
695,일레도리자드,62,55,52,109,94,109,481,전기,노말,6
696,티고라스,58,89,77,45,45,48,362,바위,드래곤,6
697,견고라스,82,121,119,69,59,71,521,바위,드래곤,6
698,아마루스,77,59,50,67,63,46,362,바위,얼음,6
699,아마루르가,123,77,72,99,92,58,521,바위,얼음,6
700,님피아,95,65,65,110,130,60,525,페어리,,6
701,루차불,78,92,75,74,63,118,500,격투,비행,6
702,데덴네,67,58,57,81,67,101,431,전기,페어리,6
703,멜리시,50,50,150,50,150,50,500,바위,페어리,6
704,미끄메라,45,50,35,55,75,40,300,드래곤,,6
705,미끄네일,68,75,53,83,113,60,452,드래곤,,6
705,미끄네일 (히스이의 모습),58,75,83,83,113,40,452,드래곤,강철,6
706,미끄래곤,90,100,70,110,150,80,600,드래곤,,6
706,미끄래곤 (히스이의 모습),80,100,100,110,150,60,600,드래곤,강철,6
707,클레피,57,80,91,80,87,75,470,강철,페어리,6
708,나목령,43,70,48,50,60,38,309,고스트,풀,6
709,대로트,85,110,76,65,82,56,474,고스트,풀,6
710,호바귀 (L),54,66,70,44,55,46,335,고스트,풀,6
710,호바귀 (M),49,66,70,44,55,51,335,고스트,풀,6
710,호바귀 (S),44,66,70,44,55,56,335,고스트,풀,6
710,호바귀 (XL),59,66,70,44,55,41,335,고스트,풀,6
711,펌킨인 (L),75,95,122,58,75,69,494,고스트,풀,6
711,펌킨인 (M),65,90,122,58,75,84,494,고스트,풀,6
711,펌킨인 (S),55,85,122,58,75,99,494,고스트,풀,6
711,펌킨인 (XL),85,100,122,58,75,54,494,고스트,풀,6
712,꽁어름,55,69,85,32,35,28,304,얼음,,6
713,크레베이스,95,117,184,44,46,28,514,얼음,,6
713,크레베이스 (히스이의 모습),95,127,184,34,36,38,514,얼음,바위,6
714,음뱃,40,30,35,45,40,55,245,비행,드래곤,6
715,음번,85,70,80,97,80,123,535,비행,드래곤,6
716,제르네아스,126,131,95,131,98,99,680,페어리,,6
717,이벨타르,126,131,95,131,98,99,680,악,비행,6
718,지가르데,108,100,121,81,95,95,600,드래곤,땅,6
719,디안시,50,100,150,100,150,50,600,바위,페어리,6
719,디안시 - 메가디안시,50,160,110,160,110,110,700,바위,페어리,6
720,후파 (굴레를 벗어난 폼),80,160,60,170,130,80,680,에스퍼,고스트,6
720,후파 (굴레에 빠진 폼),80,110,60,150,130,70,600,에스퍼,악,6
721,볼케니온,80,110,120,130,90,70,600,불꽃,물,6
722,나몰빼미,68,55,55,50,50,42,320,풀,비행,7
723,빼미스로우,78,75,75,70,70,52,420,풀,비행,7
724,모크나이퍼,78,107,75,100,100,70,530,풀,고스트,7
724,모크나이퍼 (히스이의 모습),88,112,80,95,95,60,530,풀,격투,7
725,냐오불,45,65,40,60,40,70,320,불꽃,,7
726,냐오히트,65,85,50,80,50,90,420,불꽃,,7
727,어흥염,95,115,90,80,90,60,530,불꽃,악,7
728,누리공,50,54,54,66,56,40,320,물,,7
729,키요공,60,69,69,91,81,50,420,물,,7
730,누리레느,80,74,74,126,116,60,530,물,페어리,7
731,콕코구리,35,75,30,30,30,65,265,노말,비행,7
732,크라파,55,85,50,40,50,75,355,노말,비행,7
733,왕큰부리,80,120,75,75,75,60,485,노말,비행,7
734,영구스,48,70,30,30,30,45,253,노말,,7
735,형사구스,88,110,60,55,60,45,418,노말,,7
736,턱지충이,47,62,45,55,45,46,300,벌레,,7
737,전지충이,57,82,95,55,75,36,400,벌레,전기,7
738,투구뿌논,77,70,90,145,75,43,500,벌레,전기,7
739,오기지게,47,82,57,42,47,63,338,격투,,7
740,모단단게,97,132,77,62,67,43,478,격투,얼음,7
741,춤추새 (이글이글스타일),75,70,70,98,70,93,476,불꽃,비행,7
741,춤추새 (파칙파칙스타일),75,70,70,98,70,93,476,전기,비행,7
741,춤추새 (하늘하늘스타일),75,70,70,98,70,93,476,고스트,비행,7
741,춤추새 (훌라훌라스타일),75,70,70,98,70,93,476,에스퍼,비행,7
742,에블리,40,45,40,55,40,84,304,벌레,페어리,7
743,에리본,60,55,60,95,70,124,464,벌레,페어리,7
744,암멍이,45,65,40,30,40,60,280,바위,,7
745,루가루암 (한낮의 모습),75,115,65,55,65,112,487,바위,,7
745,루가루암 (한밤중의 모습),75,115,75,55,75,82,487,바위,,7
745,루가루암 (황혼의 모습),75,117,65,55,65,110,487,바위,,7
746,약어리,45,20,20,25,25,40,175,물,,7
746,약어리 (군집의 모습),45,140,130,140,135,30,620,물,,7
747,시마사리,50,53,62,43,52,45,305,독,물,7
748,더시마사리,50,63,152,53,142,35,495,독,물,7
749,머드나기,70,100,70,45,55,45,385,땅,,7
750,만마드,100,125,100,55,85,35,500,땅,,7
751,물거미,38,40,52,40,72,27,269,물,벌레,7
752,깨비물거미,68,70,92,50,132,42,454,물,벌레,7
753,짜랑랑,40,55,35,50,35,35,250,풀,,7
754,라란티스,70,105,90,80,90,45,480,풀,,7
755,자마슈,40,35,55,65,75,15,285,풀,페어리,7
756,마셰이드,60,45,80,90,100,30,405,풀,페어리,7
757,야도뇽,48,44,40,71,40,77,320,독,불꽃,7
758,염뉴트,68,64,60,111,60,117,480,독,불꽃,7
759,포곰곰,70,75,50,45,50,50,340,노말,격투,7
760,이븐곰,120,125,80,55,60,60,500,노말,격투,7
761,달콤아,42,30,38,30,38,32,210,풀,,7
762,달무리나,52,40,48,40,48,62,290,풀,,7
763,달코퀸,72,120,98,50,98,72,510,풀,,7
764,큐아링,51,52,90,82,110,100,485,페어리,,7
765,하랑우탄,90,60,80,90,110,60,490,노말,에스퍼,7
766,내던숭이,100,120,90,40,60,80,490,격투,,7
767,꼬시레,25,35,40,20,30,80,230,벌레,물,7
768,갑주무사,75,125,140,60,90,40,530,벌레,물,7
769,모래꿍,55,55,80,70,45,15,320,고스트,땅,7
770,모래성이당,85,75,110,100,75,35,480,고스트,땅,7
771,해무기,55,60,130,30,130,5,410,물,,7
772,타입:널,95,95,95,95,95,59,534,노말,,7
773,실버디,95,95,95,95,95,95,570,노말,,7
774,메테노 (리밋실드 해제 전),60,60,100,60,100,60,440,바위,비행,7
774,메테노 (리밋실드 해제 후),60,100,60,100,60,120,500,바위,비행,7
775,자말라,65,115,65,75,95,65,480,노말,,7
776,폭거북스,60,78,135,91,85,36,485,불꽃,드래곤,7
777,토게데마루,65,98,63,40,73,96,435,전기,강철,7
778,따라큐,55,90,80,50,105,96,476,고스트,페어리,7
779,치갈기,68,105,70,70,70,92,475,물,에스퍼,7
780,할비롱,78,60,85,135,91,36,485,노말,드래곤,7
781,타타륜,70,131,100,86,90,40,517,고스트,풀,7
782,짜랑꼬,45,55,65,45,45,45,300,드래곤,,7
783,짜랑고우,55,75,90,65,70,65,420,드래곤,격투,7
784,짜랑고우거,75,110,125,100,105,85,600,드래곤,격투,7
785,카푸꼬꼬꼭,70,115,85,95,75,130,570,전기,페어리,7
786,카푸나비나,70,85,75,130,115,95,570,에스퍼,페어리,7
787,카푸브루루,70,130,115,85,95,75,570,풀,페어리,7
788,카푸느지느,70,75,115,95,130,85,570,물,페어리,7
789,코스모그,43,29,31,29,31,37,200,에스퍼,,7
790,코스모움,43,29,131,29,131,37,400,에스퍼,,7
791,솔가레오,137,137,107,113,89,97,680,에스퍼,강철,7
792,루나아라,137,113,89,137,107,97,680,에스퍼,고스트,7
793,텅비드,109,53,47,127,131,103,570,바위,독,7
794,매시붕,107,139,139,53,53,79,570,벌레,격투,7
795,페로코체,71,137,37,137,37,151,570,벌레,격투,7
796,전수목,83,89,71,173,71,83,570,전기,,7
797,철화구야,97,101,103,107,101,61,570,강철,비행,7
798,종이신도,59,181,131,59,31,109,570,풀,강철,7
799,악식킹,223,101,53,97,53,43,570,악,드래곤,7
800,네크로즈마,97,107,101,127,89,79,600,에스퍼,,7
800,네크로즈마 (새벽의 날개),97,113,109,157,127,77,680,에스퍼,고스트,7
800,네크로즈마 (울트라네크로즈마),97,167,97,167,97,129,754,에스퍼,드래곤,7
800,네크로즈마 (황혼의 갈기),97,157,127,113,109,77,680,에스퍼,강철,7
801,마기아나,80,95,115,130,115,65,600,강철,페어리,7
802,마샤도,90,125,80,90,90,125,600,격투,고스트,7
803,베베놈,67,73,67,73,67,73,420,독,,7
804,아고용,73,73,73,127,73,121,540,독,드래곤,7
805,차곡차곡,61,131,211,53,101,13,570,바위,강철,7
806,두파팡,53,127,53,151,79,107,570,불꽃,고스트,7
807,제라오라,88,112,75,102,80,143,600,전기,,7
808,멜탄,46,65,65,55,35,34,300,강철,,7
809,멜메탈,135,143,143,80,65,34,600,강철,,7
810,흥나숭,50,65,50,40,40,65,310,풀,,8
811,채키몽,70,85,70,55,60,80,420,풀,,8
812,고릴타,100,125,90,60,70,85,530,풀,,8
813,염버니,50,71,40,40,40,69,310,불꽃,,8
814,래비풋,65,86,60,55,60,94,420,불꽃,,8
815,에이스번,80,116,75,65,75,119,530,불꽃,,8
816,울머기,50,40,40,70,40,70,310,물,,8
817,누겔레온,65,60,55,95,55,90,420,물,,8
818,인텔리레온,70,85,65,125,65,120,530,물,,8
819,탐리스,70,55,55,35,35,25,275,노말,,8
820,요씽리스,120,95,95,55,75,20,460,노말,,8
821,파라꼬,38,47,35,33,35,57,245,비행,,8
822,파크로우,68,67,55,43,55,77,365,비행,,8
823,아머까오,98,87,105,53,85,67,495,비행,강철,8
824,두루지벌레,25,20,20,25,45,45,180,벌레,,8
825,레돔벌레,50,35,80,50,90,30,335,벌레,에스퍼,8
826,이올브,60,45,110,80,120,90,505,벌레,에스퍼,8
827,훔처우,40,28,28,47,52,50,245,악,,8
828,폭슬라이,70,58,58,87,92,90,455,악,,8
829,꼬모카,40,40,60,40,60,10,250,풀,,8
830,백솜모카,60,50,90,80,120,60,460,풀,,8
831,우르,42,40,55,40,45,48,270,노말,,8
832,배우르,72,80,100,60,90,88,490,노말,,8
833,깨물부기,50,64,50,38,38,44,284,물,,8
834,갈가부기,90,115,90,48,68,74,485,물,바위,8
835,멍파치,59,45,50,40,50,26,270,전기,,8
836,펄스멍,69,90,60,90,60,121,490,전기,,8
837,탄동,30,40,50,40,50,30,240,바위,,8
838,탄차곤,80,60,90,60,70,50,410,바위,불꽃,8
839,석탄산,110,80,120,80,90,30,510,바위,불꽃,8
840,과사삭벌레,40,40,80,40,40,20,260,풀,드래곤,8
841,애프룡,70,110,80,95,60,70,485,풀,드래곤,8
842,단지래플,110,85,80,100,80,30,485,풀,드래곤,8
843,모래뱀,52,57,75,35,50,46,315,땅,,8
844,사다이사,72,107,125,65,70,71,510,땅,,8
845,윽우지,70,85,55,85,95,85,475,비행,물,8
846,찌로꼬치,41,63,40,40,30,66,280,물,,8
847,꼬치조,61,123,60,60,50,136,490,물,,8
848,일레즌,40,38,35,54,35,40,242,전기,독,8
849,스트린더,75,98,70,114,70,75,502,전기,독,8
850,태우지네,50,65,45,50,50,45,305,불꽃,벌레,8
851,다태우지네,100,115,65,90,90,65,525,불꽃,벌레,8
852,때때무노,50,68,60,50,50,32,310,격투,,8
853,케오퍼스,80,118,90,70,80,42,480,격투,,8
854,데인차,40,45,45,74,54,50,308,고스트,,8
855,포트데스,60,65,65,134,114,70,508,고스트,,8
856,몸지브림,42,30,45,56,53,39,265,에스퍼,,8
857,손지브림,57,40,65,86,73,49,370,에스퍼,,8
858,브리무음,57,90,95,136,103,29,510,에스퍼,페어리,8
859,메롱꿍,45,45,30,55,40,50,265,악,페어리,8
860,쏘겨모,65,60,45,75,55,70,370,악,페어리,8
861,오롱털,95,120,65,95,75,60,510,악,페어리,8
862,가로막구리,93,90,101,60,81,95,520,악,노말,8
863,나이킹,70,110,100,50,60,50,440,강철,,8
864,산호르곤,60,95,50,145,130,30,510,고스트,,8
865,창파나이트,62,135,95,68,82,65,507,격투,,8
866,마임꽁꽁,80,85,75,110,100,70,520,얼음,에스퍼,8
867,데스판,58,95,145,50,105,30,483,땅,고스트,8
868,마빌크,45,40,40,50,61,34,270,페어리,,8
869,마휘핑,65,60,75,110,121,64,495,페어리,,8
870,대여르,65,100,100,70,60,75,470,격투,,8
871,찌르성게,48,101,95,91,85,15,435,전기,,8
872,누니머기,30,25,35,45,30,20,185,얼음,벌레,8
873,모스노우,70,65,60,125,90,65,475,얼음,벌레,8
874,돌헨진,100,125,135,20,20,70,470,바위,,8
875,빙큐보 (나이스페이스),75,80,70,65,50,130,470,얼음,,8
875,빙큐보 (아이스페이스),75,80,110,65,90,50,470,얼음,,8
876,에써르 (수컷),60,65,55,105,95,95,475,에스퍼,노말,8
876,에써르 (암컷),70,55,65,95,105,85,475,에스퍼,노말,8
877,모르페코,58,95,58,70,58,97,436,전기,악,8
878,끼리동,72,80,49,40,49,40,330,강철,,8
879,대왕끼리동,122,130,69,80,69,30,500,강철,,8
880,파치래곤,90,100,90,80,70,75,505,전기,드래곤,8
881,파치르돈,90,100,90,90,80,55,505,전기,얼음,8
882,어래곤,90,90,100,70,80,75,505,물,드래곤,8
883,어치르돈,90,90,100,80,90,55,505,물,얼음,8
884,두랄루돈,70,95,115,120,50,85,535,강철,드래곤,8
885,드라꼰,28,60,30,40,30,82,270,드래곤,고스트,8
886,드래런치,68,80,50,60,50,102,410,드래곤,고스트,8
887,드래펄트,88,120,75,100,75,142,600,드래곤,고스트,8
888,자시안 (검왕),92,150,115,80,115,148,700,페어리,강철,8
888,자시안 (역전의 용사),92,120,115,80,115,138,660,페어리,,8
889,자마젠타 (방패왕),92,120,140,80,140,128,700,격투,강철,8
889,자마젠타 (역전의 용사),92,120,115,80,115,138,660,격투,,8
890,무한다이노,140,85,95,145,95,130,690,독,드래곤,8
890,무한다이노 (무한다이맥스),255,115,250,125,250,130,1125,독,드래곤,8
891,치고마,60,90,60,53,50,72,385,격투,,8
892,우라오스 (연격의 태세),100,130,100,63,60,97,550,격투,물,8
892,우라오스 (일격의 태세),100,130,100,63,60,97,550,격투,악,8
893,자루도,105,120,105,70,95,105,600,악,풀,8
894,레지에레키,80,100,50,100,50,200,580,전기,,8
895,레지드래고,200,100,50,100,50,80,580,드래곤,,8
896,블리자포스,100,145,130,65,110,30,580,얼음,,8
897,레이스포스,100,65,60,145,80,130,580,고스트,,8
898,버드렉스,100,80,80,80,80,80,500,에스퍼,풀,8
898,버드렉스 (백마 탄 모습),100,165,150,85,130,50,680,에스퍼,얼음,8
898,버드렉스 (흑마 탄 모습),100,85,80,165,100,150,680,에스퍼,고스트,8
899,신비록,103,105,72,105,75,65,525,노말,에스퍼,8
900,사마자르,70,135,95,45,70,85,500,벌레,바위,8
901,다투곰,130,140,105,45,80,50,550,땅,노말,8
902,대쓰여너 (수컷),120,112,65,80,75,78,530,물,고스트,8
902,대쓰여너 (암컷),120,92,65,100,75,78,530,물,고스트,8
903,포푸니크,80,130,60,40,80,120,510,격투,독,8
904,장침바루,85,115,95,65,65,85,510,악,독,8
905,러브로스 (영물폼),74,115,110,135,100,46,580,페어리,비행,8
905,러브로스 (화신폼),74,115,70,135,80,106,580,페어리,비행,8
906,나오하,40,61,54,45,45,65,310,풀,,9
907,나로테,61,80,63,60,63,83,410,풀,,9
908,마스카나,76,110,70,81,70,123,530,풀,악,9
909,뜨아거,67,45,59,63,40,36,310,불꽃,,9
910,악뜨거,81,55,78,90,58,49,411,불꽃,,9
911,라우드본,104,75,100,110,75,66,530,불꽃,고스트,9
912,꾸왁스,55,65,45,50,45,50,310,물,,9
913,아꾸왁,70,85,65,65,60,65,410,물,,9
914,웨이니발,85,120,80,85,75,85,530,물,격투,9
915,맛보돈,54,45,40,35,45,35,254,노말,,9
916,퍼퓨돈 (수컷),110,100,75,59,80,65,489,노말,,9
916,퍼퓨돈 (암컷),115,90,70,59,90,65,489,노말,,9
917,타랜툴라,35,41,45,29,40,20,210,벌레,,9
918,트래피더,60,79,92,52,86,35,404,벌레,,9
919,콩알뚜기,33,46,40,21,25,45,210,벌레,,9
920,엑스레그,71,102,78,52,55,92,450,벌레,악,9
921,빠모,45,50,20,40,25,60,240,전기,,9
922,빠모트,60,75,40,50,40,85,350,전기,격투,9
923,빠르모트,70,115,70,70,60,105,490,전기,격투,9
924,두리쥐,50,50,45,40,45,75,305,노말,,9
925,파밀리쥐,74,75,70,65,75,111,470,노말,,9
926,쫀도기,37,55,70,30,55,65,312,페어리,,9
927,바우첼,57,80,115,50,80,95,477,페어리,,9
928,미니브,41,35,45,58,51,30,260,풀,노말,9
929,올리뇨,52,53,60,78,78,33,354,풀,노말,9
930,올리르바,78,69,90,125,109,39,510,풀,노말,9
931,시비꼬,82,96,51,45,51,92,417,노말,비행,9
932,베베솔트,55,55,75,35,35,25,280,바위,,9
933,스태솔트,60,60,100,35,65,35,355,바위,,9
934,콜로솔트,100,100,130,45,90,35,500,바위,,9
935,카르본,40,50,40,50,40,35,255,불꽃,,9
936,카디나르마,85,60,100,125,80,75,525,불꽃,에스퍼,9
937,파라블레이즈,75,125,80,60,100,85,525,불꽃,고스트,9
938,빈나두,61,31,41,59,35,45,272,전기,,9
939,찌리배리,109,64,91,103,83,45,495,전기,,9
940,찌리비,40,40,35,55,40,70,280,전기,비행,9
941,찌리비크,70,70,60,105,60,125,490,전기,비행,9
942,오라티프,60,78,60,40,51,51,340,악,,9
943,마피티프,80,120,90,60,70,85,505,악,,9
944,땃쭈르,40,65,35,40,35,75,290,독,노말,9
945,태깅구르,63,95,65,80,72,110,485,독,노말,9
946,그푸리,40,65,30,45,35,60,275,풀,고스트,9
947,공푸리,55,115,70,80,70,90,480,풀,고스트,9
948,들눈해,40,40,35,50,100,70,335,땅,풀,9
949,육파리,80,70,65,80,120,100,515,땅,풀,9
950,절벼게,70,100,115,35,55,75,450,바위,,9
951,캡싸이,50,62,40,62,40,50,304,풀,,9
952,스코빌런,65,108,65,108,65,75,486,풀,불꽃,9
953,구르데,41,50,60,31,58,30,270,벌레,,9
954,베라카스,75,50,85,115,100,45,470,벌레,에스퍼,9
955,하느라기,30,35,30,55,30,75,255,에스퍼,,9
956,클레스퍼트라,95,60,60,101,60,105,481,에스퍼,,9
957,어리짱,50,45,45,35,64,58,297,페어리,강철,9
958,벼리짱,65,55,55,45,82,78,380,페어리,강철,9
959,두드리짱,85,75,77,70,105,94,506,페어리,강철,9
960,바다그다,10,55,25,35,25,95,245,물,,9
961,바닥트리오,35,100,50,50,70,120,425,물,,9
962,떨구새,70,103,85,60,85,82,485,비행,악,9
963,맨돌핀,70,45,40,45,40,75,315,물,,9
964,돌핀맨 (나이브 폼),100,70,72,53,62,100,457,물,,9
964,돌핀맨 (마이티 폼),100,160,97,106,87,100,650,물,,9
965,부르롱,45,70,63,30,45,47,300,독,강철,9
966,부르르룸,80,119,90,54,67,90,500,독,강철,9
967,모토마,70,95,65,85,65,121,501,드래곤,노말,9
968,꿈트렁,70,85,145,60,55,65,480,강철,,9
969,초롱순,48,35,42,105,60,60,350,바위,독,9
970,킬라플로르,83,55,90,130,81,86,525,바위,독,9
971,망망이,50,61,60,30,55,34,290,고스트,,9
972,묘두기,72,101,100,50,97,68,488,고스트,,9
973,꼬이밍고,82,115,74,75,64,90,500,비행,격투,9
974,터벅고래,108,68,45,30,40,43,334,얼음,,9
975,우락고래,170,113,65,45,55,73,521,얼음,,9
976,가비루사,90,102,73,78,65,70,478,물,에스퍼,9
977,어써러셔,150,100,115,65,65,35,530,물,,9
978,싸리용,68,50,60,120,95,82,475,드래곤,물,9
979,저승갓숭,110,115,80,50,90,90,535,격투,고스트,9
980,토오,130,75,60,45,100,20,430,독,땅,9
981,키키링,120,90,70,110,70,60,520,노말,에스퍼,9
982,노고고치,125,100,80,85,75,55,520,노말,,9
983,대도각참,100,135,120,60,85,50,550,악,강철,9
984,위대한엄니,115,131,131,53,53,87,570,땅,격투,9
985,우렁찬꼬리,115,65,99,65,115,111,570,페어리,에스퍼,9
986,사나운버섯,111,127,99,79,99,55,570,풀,악,9
987,날개치는머리,55,55,55,135,135,135,570,고스트,페어리,9
988,땅을기는날개,85,135,79,85,105,81,570,벌레,격투,9
989,모래털가죽,85,81,97,121,85,101,570,전기,땅,9
990,무쇠바퀴,90,112,120,72,70,106,570,땅,강철,9
991,무쇠보따리,56,80,114,124,60,136,570,얼음,물,9
992,무쇠손,154,140,108,50,68,50,570,격투,전기,9
993,무쇠머리,94,80,86,122,80,108,570,악,비행,9
994,무쇠독나방,80,70,60,140,110,110,570,불꽃,독,9
995,무쇠가시,100,134,110,70,84,72,570,바위,전기,9
996,드니차,65,75,45,35,45,55,320,드래곤,얼음,9
997,드니꽁,90,95,66,45,65,62,423,드래곤,얼음,9
998,드닐레이브,115,145,92,75,86,87,600,드래곤,얼음,9
999,모으령 (도보폼),45,30,25,75,45,80,300,고스트,,9
999,모으령 (상자폼),45,30,70,75,70,10,300,고스트,,9
1000,타부자고,87,60,95,133,91,84,550,강철,고스트,9
1001,총지엔,85,85,100,95,135,70,570,악,풀,9
1002,파오젠,80,120,80,90,65,135,570,악,얼음,9
1003,딩루,155,110,125,55,80,45,570,악,땅,9
1004,위유이,55,80,80,135,120,100,570,악,불꽃,9
1005,고동치는달,105,139,71,55,101,119,590,드래곤,악,9
1006,무쇠무인,74,130,90,120,60,116,590,페어리,격투,9
1007,코라이돈,100,135,115,85,100,135,670,격투,드래곤,9
1008,미라이돈,100,85,100,135,115,135,670,전기,드래곤,9
1009,굽이치는물결,99,83,91,125,83,109,590,물,드래곤,9
1010,무쇠잎새,90,130,88,70,108,104,590,풀,에스퍼,9
